-- =============================================
-- NovaCare Dummy Data for Oracle Database
-- Run this after creating all tables
-- =============================================

-- =============================================
-- 1. SPECIALIZATION
-- =============================================
INSERT INTO SPECIALIZATION (SPECIALIZATIONTYPE, SPEC_DESC) VALUES ('General Practice', 'Primary care and general health consultations');
INSERT INTO SPECIALIZATION (SPECIALIZATIONTYPE, SPEC_DESC) VALUES ('Cardiology', 'Heart and cardiovascular system specialist');
INSERT INTO SPECIALIZATION (SPECIALIZATIONTYPE, SPEC_DESC) VALUES ('Dermatology', 'Skin, hair, and nail conditions');
INSERT INTO SPECIALIZATION (SPECIALIZATIONTYPE, SPEC_DESC) VALUES ('Pediatrics', 'Child and adolescent healthcare');
INSERT INTO SPECIALIZATION (SPECIALIZATIONTYPE, SPEC_DESC) VALUES ('Orthopedics', 'Bone, joint, and muscle disorders');
INSERT INTO SPECIALIZATION (SPECIALIZATIONTYPE, SPEC_DESC) VALUES ('Neurology', 'Brain and nervous system disorders');
INSERT INTO SPECIALIZATION (SPECIALIZATIONTYPE, SPEC_DESC) VALUES ('Gynecology', 'Women reproductive health');
INSERT INTO SPECIALIZATION (SPECIALIZATIONTYPE, SPEC_DESC) VALUES ('Ophthalmology', 'Eye care and vision specialist');
INSERT INTO SPECIALIZATION (SPECIALIZATIONTYPE, SPEC_DESC) VALUES ('ENT', 'Ear, Nose, and Throat specialist');
INSERT INTO SPECIALIZATION (SPECIALIZATIONTYPE, SPEC_DESC) VALUES ('Psychiatry', 'Mental health and behavioral disorders');

-- =============================================
-- 2. ROLES
-- =============================================
INSERT INTO ROLES (ROLENAME, ROLEDESCRIPTION) VALUES ('Admin', 'Full system access - can manage all modules');
INSERT INTO ROLES (ROLENAME, ROLEDESCRIPTION) VALUES ('Doctor', 'Medical staff - can view patients, create prescriptions');
INSERT INTO ROLES (ROLENAME, ROLEDESCRIPTION) VALUES ('Receptionist', 'Front desk - manages appointments, patient registration');
INSERT INTO ROLES (ROLENAME, ROLEDESCRIPTION) VALUES ('Nurse', 'Nursing staff - assists doctors, updates patient vitals');
INSERT INTO ROLES (ROLENAME, ROLEDESCRIPTION) VALUES ('Pharmacist', 'Pharmacy - manages medicines and prescriptions');
INSERT INTO ROLES (ROLENAME, ROLEDESCRIPTION) VALUES ('Billing', 'Finance - manages invoices and payments');

-- =============================================
-- 3. ROOMS
-- =============================================
INSERT INTO ROOMS (ROOMTYPE, AVAILABILITYSTATUS) VALUES ('Consultation Room 1', 'Available');
INSERT INTO ROOMS (ROOMTYPE, AVAILABILITYSTATUS) VALUES ('Consultation Room 2', 'Available');
INSERT INTO ROOMS (ROOMTYPE, AVAILABILITYSTATUS) VALUES ('Consultation Room 3', 'Available');
INSERT INTO ROOMS (ROOMTYPE, AVAILABILITYSTATUS) VALUES ('Consultation Room 4', 'Occupied');
INSERT INTO ROOMS (ROOMTYPE, AVAILABILITYSTATUS) VALUES ('Emergency Room', 'Available');
INSERT INTO ROOMS (ROOMTYPE, AVAILABILITYSTATUS) VALUES ('Treatment Room 1', 'Available');
INSERT INTO ROOMS (ROOMTYPE, AVAILABILITYSTATUS) VALUES ('Treatment Room 2', 'Under Maintenance');
INSERT INTO ROOMS (ROOMTYPE, AVAILABILITYSTATUS) VALUES ('Pediatric Room', 'Available');
INSERT INTO ROOMS (ROOMTYPE, AVAILABILITYSTATUS) VALUES ('Cardiology Room', 'Available');
INSERT INTO ROOMS (ROOMTYPE, AVAILABILITYSTATUS) VALUES ('Dermatology Room', 'Available');
INSERT INTO ROOMS (ROOMTYPE, AVAILABILITYSTATUS) VALUES ('X-Ray Room', 'Available');
INSERT INTO ROOMS (ROOMTYPE, AVAILABILITYSTATUS) VALUES ('Laboratory', 'Available');

-- =============================================
-- 4. STAFF (using subqueries to get correct ROLEID)
-- =============================================
INSERT INTO STAFF (FIRSTNAME, LASTNAME, ROLEID, PHONENUM, EMAIL, HIREDATE, SHIFT) 
VALUES ('Ahmad', 'Hassan', (SELECT ROLEID FROM ROLES WHERE ROLENAME = 'Admin'), '012-3456789', 'ahmad.hassan@novacare.com', TO_DATE('2020-01-15', 'YYYY-MM-DD'), 'Morning');

INSERT INTO STAFF (FIRSTNAME, LASTNAME, ROLEID, PHONENUM, EMAIL, HIREDATE, SHIFT) 
VALUES ('Siti', 'Nurhaliza', (SELECT ROLEID FROM ROLES WHERE ROLENAME = 'Receptionist'), '013-2345678', 'siti.nurhaliza@novacare.com', TO_DATE('2021-03-20', 'YYYY-MM-DD'), 'Morning');

INSERT INTO STAFF (FIRSTNAME, LASTNAME, ROLEID, PHONENUM, EMAIL, HIREDATE, SHIFT) 
VALUES ('Muthu', 'Kumar', (SELECT ROLEID FROM ROLES WHERE ROLENAME = 'Nurse'), '014-3456789', 'muthu.kumar@novacare.com', TO_DATE('2021-06-10', 'YYYY-MM-DD'), 'Afternoon');

INSERT INTO STAFF (FIRSTNAME, LASTNAME, ROLEID, PHONENUM, EMAIL, HIREDATE, SHIFT) 
VALUES ('Tan', 'Wei Ming', (SELECT ROLEID FROM ROLES WHERE ROLENAME = 'Pharmacist'), '015-4567890', 'weiming.tan@novacare.com', TO_DATE('2022-01-05', 'YYYY-MM-DD'), 'Morning');

INSERT INTO STAFF (FIRSTNAME, LASTNAME, ROLEID, PHONENUM, EMAIL, HIREDATE, SHIFT) 
VALUES ('Aishah', 'Ali', (SELECT ROLEID FROM ROLES WHERE ROLENAME = 'Billing'), '016-5678901', 'aishah.ali@novacare.com', TO_DATE('2022-04-15', 'YYYY-MM-DD'), 'Morning');

INSERT INTO STAFF (FIRSTNAME, LASTNAME, ROLEID, PHONENUM, EMAIL, HIREDATE, SHIFT) 
VALUES ('Raj', 'Kumar', (SELECT ROLEID FROM ROLES WHERE ROLENAME = 'Receptionist'), '017-6789012', 'raj.kumar@novacare.com', TO_DATE('2023-02-01', 'YYYY-MM-DD'), 'Afternoon');

INSERT INTO STAFF (FIRSTNAME, LASTNAME, ROLEID, PHONENUM, EMAIL, HIREDATE, SHIFT) 
VALUES ('Nurul', 'Izzah', (SELECT ROLEID FROM ROLES WHERE ROLENAME = 'Nurse'), '018-7890123', 'nurul.izzah@novacare.com', TO_DATE('2023-05-20', 'YYYY-MM-DD'), 'Night');

INSERT INTO STAFF (FIRSTNAME, LASTNAME, ROLEID, PHONENUM, EMAIL, HIREDATE, SHIFT) 
VALUES ('Lim', 'Chee Keong', (SELECT ROLEID FROM ROLES WHERE ROLENAME = 'Admin'), '019-8901234', 'chee.keong@novacare.com', TO_DATE('2019-08-10', 'YYYY-MM-DD'), 'Morning');

-- =============================================
-- 5. DOCTORS (using subqueries to get correct SPECIALIZATIONID)
-- =============================================
INSERT INTO DOCTORS (FIRSTNAME, LASTNAME, SPECIALIZATIONID, EMAIL, PHONENUM, LICENSENUM, STATUS) 
VALUES ('Muhammad', 'Faiz', (SELECT SPECIALIZATIONID FROM SPECIALIZATION WHERE SPECIALIZATIONTYPE = 'General Practice'), 'dr.faiz@novacare.com', '012-1111111', 'MD-001001', 'Active');

INSERT INTO DOCTORS (FIRSTNAME, LASTNAME, SPECIALIZATIONID, EMAIL, PHONENUM, LICENSENUM, STATUS) 
VALUES ('Lee', 'Mei Ling', (SELECT SPECIALIZATIONID FROM SPECIALIZATION WHERE SPECIALIZATIONTYPE = 'Cardiology'), 'dr.leemei@novacare.com', '012-2222222', 'MD-001002', 'Active');

INSERT INTO DOCTORS (FIRSTNAME, LASTNAME, SPECIALIZATIONID, EMAIL, PHONENUM, LICENSENUM, STATUS) 
VALUES ('Priya', 'Sharma', (SELECT SPECIALIZATIONID FROM SPECIALIZATION WHERE SPECIALIZATIONTYPE = 'Dermatology'), 'dr.priya@novacare.com', '012-3333333', 'MD-001003', 'Active');

INSERT INTO DOCTORS (FIRSTNAME, LASTNAME, SPECIALIZATIONID, EMAIL, PHONENUM, LICENSENUM, STATUS) 
VALUES ('Amirul', 'Hakim', (SELECT SPECIALIZATIONID FROM SPECIALIZATION WHERE SPECIALIZATIONTYPE = 'Pediatrics'), 'dr.amirul@novacare.com', '012-4444444', 'MD-001004', 'Active');

INSERT INTO DOCTORS (FIRSTNAME, LASTNAME, SPECIALIZATIONID, EMAIL, PHONENUM, LICENSENUM, STATUS) 
VALUES ('Wong', 'Kai Wen', (SELECT SPECIALIZATIONID FROM SPECIALIZATION WHERE SPECIALIZATIONTYPE = 'Orthopedics'), 'dr.wong@novacare.com', '012-5555555', 'MD-001005', 'Active');

INSERT INTO DOCTORS (FIRSTNAME, LASTNAME, SPECIALIZATIONID, EMAIL, PHONENUM, LICENSENUM, STATUS) 
VALUES ('Fatimah', 'Zahra', (SELECT SPECIALIZATIONID FROM SPECIALIZATION WHERE SPECIALIZATIONTYPE = 'Neurology'), 'dr.fatimah@novacare.com', '012-6666666', 'MD-001006', 'Active');

INSERT INTO DOCTORS (FIRSTNAME, LASTNAME, SPECIALIZATIONID, EMAIL, PHONENUM, LICENSENUM, STATUS) 
VALUES ('Suresh', 'Nair', (SELECT SPECIALIZATIONID FROM SPECIALIZATION WHERE SPECIALIZATIONTYPE = 'Gynecology'), 'dr.suresh@novacare.com', '012-7777777', 'MD-001007', 'Active');

INSERT INTO DOCTORS (FIRSTNAME, LASTNAME, SPECIALIZATIONID, EMAIL, PHONENUM, LICENSENUM, STATUS) 
VALUES ('Nur', 'Adlina', (SELECT SPECIALIZATIONID FROM SPECIALIZATION WHERE SPECIALIZATIONTYPE = 'Ophthalmology'), 'dr.adlina@novacare.com', '012-8888888', 'MD-001008', 'Active');

INSERT INTO DOCTORS (FIRSTNAME, LASTNAME, SPECIALIZATIONID, EMAIL, PHONENUM, LICENSENUM, STATUS) 
VALUES ('Tan', 'Boon Huat', (SELECT SPECIALIZATIONID FROM SPECIALIZATION WHERE SPECIALIZATIONTYPE = 'ENT'), 'dr.tanbh@novacare.com', '012-9999999', 'MD-001009', 'Active');

INSERT INTO DOCTORS (FIRSTNAME, LASTNAME, SPECIALIZATIONID, EMAIL, PHONENUM, LICENSENUM, STATUS) 
VALUES ('Hafiz', 'Rahman', (SELECT SPECIALIZATIONID FROM SPECIALIZATION WHERE SPECIALIZATIONTYPE = 'Psychiatry'), 'dr.hafiz@novacare.com', '012-1010101', 'MD-001010', 'Active');

-- =============================================
-- 6. PATIENTS
-- =============================================
INSERT INTO PATIENTS (PATIENTIC, FIRSTNAME, LASTNAME, DATEOFBIRTH, GENDER, PHONENUM, EMAIL, ADDRESS, EMERGENCYCONTACT, BLOODTYPE, ALLERGIES) 
VALUES ('900101145001', 'Ali', 'Abu', TO_DATE('1990-01-01', 'YYYY-MM-DD'), 'Male', '011-1234567', 'ali.abu@email.com', '123 Jalan Merdeka, Kuala Lumpur', '011-9876543', 'A+', 'None');

INSERT INTO PATIENTS (PATIENTIC, FIRSTNAME, LASTNAME, DATEOFBIRTH, GENDER, PHONENUM, EMAIL, ADDRESS, EMERGENCYCONTACT, BLOODTYPE, ALLERGIES) 
VALUES ('850215086002', 'Nor Azizah', 'Osman', TO_DATE('1985-02-15', 'YYYY-MM-DD'), 'Female', '011-2345678', 'azizah.osman@email.com', '45 Jalan Bunga, Petaling Jaya', '011-8765432', 'B+', 'Penicillin');

INSERT INTO PATIENTS (PATIENTIC, FIRSTNAME, LASTNAME, DATEOFBIRTH, GENDER, PHONENUM, EMAIL, ADDRESS, EMERGENCYCONTACT, BLOODTYPE, ALLERGIES) 
VALUES ('921130107003', 'Ramasamy', 'Muthu', TO_DATE('1992-11-30', 'YYYY-MM-DD'), 'Male', '011-3456789', 'ramasamy.m@email.com', '78 Lorong Damai, Shah Alam', '011-7654321', 'O+', 'None');

INSERT INTO PATIENTS (PATIENTIC, FIRSTNAME, LASTNAME, DATEOFBIRTH, GENDER, PHONENUM, EMAIL, ADDRESS, EMERGENCYCONTACT, BLOODTYPE, ALLERGIES) 
VALUES ('880520018004', 'Tan', 'Siew Mei', TO_DATE('1988-05-20', 'YYYY-MM-DD'), 'Female', '011-4567890', 'siewmei.tan@email.com', '200 Jalan Harmoni, Subang Jaya', '011-6543210', 'AB+', 'Shellfish');

INSERT INTO PATIENTS (PATIENTIC, FIRSTNAME, LASTNAME, DATEOFBIRTH, GENDER, PHONENUM, EMAIL, ADDRESS, EMERGENCYCONTACT, BLOODTYPE, ALLERGIES) 
VALUES ('950708149005', 'Mohd Rizal', 'Yusof', TO_DATE('1995-07-08', 'YYYY-MM-DD'), 'Male', '011-5678901', 'rizal.yusof@email.com', '15 Jalan Sejahtera, Ampang', '011-5432109', 'A-', 'Aspirin');

INSERT INTO PATIENTS (PATIENTIC, FIRSTNAME, LASTNAME, DATEOFBIRTH, GENDER, PHONENUM, EMAIL, ADDRESS, EMERGENCYCONTACT, BLOODTYPE, ALLERGIES) 
VALUES ('780312021006', 'Letchumi', 'Krishnan', TO_DATE('1978-03-12', 'YYYY-MM-DD'), 'Female', '011-6789012', 'letchumi.k@email.com', '88 Jalan Sentosa, Klang', '011-4321098', 'B-', 'None');

INSERT INTO PATIENTS (PATIENTIC, FIRSTNAME, LASTNAME, DATEOFBIRTH, GENDER, PHONENUM, EMAIL, ADDRESS, EMERGENCYCONTACT, BLOODTYPE, ALLERGIES) 
VALUES ('000825142007', 'Nurul Huda', 'Ahmad', TO_DATE('2000-08-25', 'YYYY-MM-DD'), 'Female', '011-7890123', 'huda.ahmad@email.com', '33 Jalan Makmur, Kajang', '011-3210987', 'O-', 'Pollen');

INSERT INTO PATIENTS (PATIENTIC, FIRSTNAME, LASTNAME, DATEOFBIRTH, GENDER, PHONENUM, EMAIL, ADDRESS, EMERGENCYCONTACT, BLOODTYPE, ALLERGIES) 
VALUES ('830610063008', 'Chong', 'Wei Liang', TO_DATE('1983-06-10', 'YYYY-MM-DD'), 'Male', '011-8901234', 'weiliang.chong@email.com', '55 Jalan Bahagia, Puchong', '011-2109876', 'AB-', 'Sulfa drugs');

INSERT INTO PATIENTS (PATIENTIC, FIRSTNAME, LASTNAME, DATEOFBIRTH, GENDER, PHONENUM, EMAIL, ADDRESS, EMERGENCYCONTACT, BLOODTYPE, ALLERGIES) 
VALUES ('910405114009', 'Farah', 'Ismail', TO_DATE('1991-04-05', 'YYYY-MM-DD'), 'Female', '011-9012345', 'farah.ismail@email.com', '101 Jalan Ceria, Cheras', '011-1098765', 'A+', 'None');

INSERT INTO PATIENTS (PATIENTIC, FIRSTNAME, LASTNAME, DATEOFBIRTH, GENDER, PHONENUM, EMAIL, ADDRESS, EMERGENCYCONTACT, BLOODTYPE, ALLERGIES) 
VALUES ('870922035010', 'Ganesh', 'Subramaniam', TO_DATE('1987-09-22', 'YYYY-MM-DD'), 'Male', '011-0123456', 'ganesh.s@email.com', '67 Jalan Ria, Kepong', '011-0987654', 'B+', 'Latex');

INSERT INTO PATIENTS (PATIENTIC, FIRSTNAME, LASTNAME, DATEOFBIRTH, GENDER, PHONENUM, EMAIL, ADDRESS, EMERGENCYCONTACT, BLOODTYPE, ALLERGIES) 
VALUES ('960101146011', 'Aiman', 'Zulkifli', TO_DATE('1996-01-01', 'YYYY-MM-DD'), 'Male', '011-1112222', 'aiman.z@email.com', '22 Jalan Indah, Damansara', '011-2221111', 'O+', 'None');

INSERT INTO PATIENTS (PATIENTIC, FIRSTNAME, LASTNAME, DATEOFBIRTH, GENDER, PHONENUM, EMAIL, ADDRESS, EMERGENCYCONTACT, BLOODTYPE, ALLERGIES) 
VALUES ('891215077012', 'Wong', 'Shu Ting', TO_DATE('1989-12-15', 'YYYY-MM-DD'), 'Female', '011-3334444', 'shuting.wong@email.com', '90 Jalan Permai, Mont Kiara', '011-4443333', 'A+', 'Ibuprofen');

-- Additional patients
INSERT INTO PATIENTS (PATIENTIC, FIRSTNAME, LASTNAME, DATEOFBIRTH, GENDER, PHONENUM, EMAIL, ADDRESS, EMERGENCYCONTACT, BLOODTYPE, ALLERGIES) 
VALUES ('750420011013', 'Abdullah', 'Ibrahim', TO_DATE('1975-04-20', 'YYYY-MM-DD'), 'Male', '011-5556666', 'abdullah.i@email.com', '12 Jalan Mawar, Bangi', '011-6665555', 'O+', 'None');

INSERT INTO PATIENTS (PATIENTIC, FIRSTNAME, LASTNAME, DATEOFBIRTH, GENDER, PHONENUM, EMAIL, ADDRESS, EMERGENCYCONTACT, BLOODTYPE, ALLERGIES) 
VALUES ('820915082014', 'Kavitha', 'Rajan', TO_DATE('1982-09-15', 'YYYY-MM-DD'), 'Female', '011-7778888', 'kavitha.r@email.com', '56 Lorong Angsa, Setapak', '011-8887777', 'B+', 'Dust mites');

INSERT INTO PATIENTS (PATIENTIC, FIRSTNAME, LASTNAME, DATEOFBIRTH, GENDER, PHONENUM, EMAIL, ADDRESS, EMERGENCYCONTACT, BLOODTYPE, ALLERGIES) 
VALUES ('930303143015', 'Muhammad Amin', 'Zainal', TO_DATE('1993-03-03', 'YYYY-MM-DD'), 'Male', '011-9990000', 'amin.zainal@email.com', '78 Jalan Murni, Bukit Jalil', '011-0009999', 'A+', 'None');

INSERT INTO PATIENTS (PATIENTIC, FIRSTNAME, LASTNAME, DATEOFBIRTH, GENDER, PHONENUM, EMAIL, ADDRESS, EMERGENCYCONTACT, BLOODTYPE, ALLERGIES) 
VALUES ('880707106016', 'Jennifer', 'Lim', TO_DATE('1988-07-07', 'YYYY-MM-DD'), 'Female', '011-1231234', 'jennifer.lim@email.com', '34 Jalan Daisy, Bangsar', '011-4324321', 'AB+', 'Eggs');

INSERT INTO PATIENTS (PATIENTIC, FIRSTNAME, LASTNAME, DATEOFBIRTH, GENDER, PHONENUM, EMAIL, ADDRESS, EMERGENCYCONTACT, BLOODTYPE, ALLERGIES) 
VALUES ('701225011017', 'Ramli', 'Hassan', TO_DATE('1970-12-25', 'YYYY-MM-DD'), 'Male', '011-5675678', 'ramli.h@email.com', '99 Jalan Kenari, Serdang', '011-8768765', 'O-', 'Codeine');

INSERT INTO PATIENTS (PATIENTIC, FIRSTNAME, LASTNAME, DATEOFBIRTH, GENDER, PHONENUM, EMAIL, ADDRESS, EMERGENCYCONTACT, BLOODTYPE, ALLERGIES) 
VALUES ('950818147018', 'Shalini', 'Menon', TO_DATE('1995-08-18', 'YYYY-MM-DD'), 'Female', '011-2342345', 'shalini.m@email.com', '23 Lorong Cempaka, Wangsa Maju', '011-5435432', 'B-', 'None');

INSERT INTO PATIENTS (PATIENTIC, FIRSTNAME, LASTNAME, DATEOFBIRTH, GENDER, PHONENUM, EMAIL, ADDRESS, EMERGENCYCONTACT, BLOODTYPE, ALLERGIES) 
VALUES ('850101011019', 'Ahmad Firdaus', 'Omar', TO_DATE('1985-01-01', 'YYYY-MM-DD'), 'Male', '011-6786789', 'firdaus.omar@email.com', '45 Jalan Melati, Gombak', '011-9879876', 'A-', 'Peanuts');

INSERT INTO PATIENTS (PATIENTIC, FIRSTNAME, LASTNAME, DATEOFBIRTH, GENDER, PHONENUM, EMAIL, ADDRESS, EMERGENCYCONTACT, BLOODTYPE, ALLERGIES) 
VALUES ('000215142020', 'Nurul Ain', 'Rosli', TO_DATE('2000-02-15', 'YYYY-MM-DD'), 'Female', '011-3453456', 'ain.rosli@email.com', '67 Jalan Orkid, Cyberjaya', '011-6546543', 'O+', 'None');

INSERT INTO PATIENTS (PATIENTIC, FIRSTNAME, LASTNAME, DATEOFBIRTH, GENDER, PHONENUM, EMAIL, ADDRESS, EMERGENCYCONTACT, BLOODTYPE, ALLERGIES) 
VALUES ('780630081021', 'Steven', 'Ng', TO_DATE('1978-06-30', 'YYYY-MM-DD'), 'Male', '011-7897890', 'steven.ng@email.com', '88 Jalan Tulip, Rawang', '011-0980987', 'AB-', 'Morphine');

INSERT INTO PATIENTS (PATIENTIC, FIRSTNAME, LASTNAME, DATEOFBIRTH, GENDER, PHONENUM, EMAIL, ADDRESS, EMERGENCYCONTACT, BLOODTYPE, ALLERGIES) 
VALUES ('920424102022', 'Nor Hidayah', 'Kamal', TO_DATE('1992-04-24', 'YYYY-MM-DD'), 'Female', '011-1011012', 'hidayah.k@email.com', '11 Lorong Teratai, Nilai', '011-2102101', 'B+', 'Sulfonamides');

INSERT INTO PATIENTS (PATIENTIC, FIRSTNAME, LASTNAME, DATEOFBIRTH, GENDER, PHONENUM, EMAIL, ADDRESS, EMERGENCYCONTACT, BLOODTYPE, ALLERGIES) 
VALUES ('830909063023', 'Vijay', 'Kumar', TO_DATE('1983-09-09', 'YYYY-MM-DD'), 'Male', '011-3213210', 'vijay.kumar@email.com', '22 Jalan Lily, Semenyih', '011-0120123', 'A+', 'None');

INSERT INTO PATIENTS (PATIENTIC, FIRSTNAME, LASTNAME, DATEOFBIRTH, GENDER, PHONENUM, EMAIL, ADDRESS, EMERGENCYCONTACT, BLOODTYPE, ALLERGIES) 
VALUES ('971111147024', 'Siti Khadijah', 'Yusoff', TO_DATE('1997-11-11', 'YYYY-MM-DD'), 'Female', '011-4544545', 'khadijah.y@email.com', '33 Jalan Ros, Selayang', '011-5455454', 'O+', 'Dairy');

INSERT INTO PATIENTS (PATIENTIC, FIRSTNAME, LASTNAME, DATEOFBIRTH, GENDER, PHONENUM, EMAIL, ADDRESS, EMERGENCYCONTACT, BLOODTYPE, ALLERGIES) 
VALUES ('860228021025', 'Tan', 'Ah Kow', TO_DATE('1986-02-28', 'YYYY-MM-DD'), 'Male', '011-6766767', 'ahkow.tan@email.com', '44 Lorong Jasmin, Sentul', '011-7677676', 'B+', 'Tetracycline');

-- =============================================
-- 7. MEDICINE
-- =============================================
INSERT INTO MEDICINE (MEDNAME, MEDPOSTINGDATE, MEDEXPIRYDATE, MEDDOSAGEFORM, MEDDESCRIPTION, MEDPRICE, CURRENTSTOCK, MANUFACTURER, SIDEEFFECTS) 
VALUES ('Paracetamol 500mg', TO_DATE('2024-01-01', 'YYYY-MM-DD'), TO_DATE('2026-12-31', 'YYYY-MM-DD'), 'Tablet', 'Pain reliever and fever reducer', 0.50, 1000, 'Pharmaniaga', 'Nausea, rash (rare)');

INSERT INTO MEDICINE (MEDNAME, MEDPOSTINGDATE, MEDEXPIRYDATE, MEDDOSAGEFORM, MEDDESCRIPTION, MEDPRICE, CURRENTSTOCK, MANUFACTURER, SIDEEFFECTS) 
VALUES ('Amoxicillin 250mg', TO_DATE('2024-01-01', 'YYYY-MM-DD'), TO_DATE('2025-06-30', 'YYYY-MM-DD'), 'Capsule', 'Antibiotic for bacterial infections', 1.20, 500, 'Hovid', 'Diarrhea, allergic reactions');

INSERT INTO MEDICINE (MEDNAME, MEDPOSTINGDATE, MEDEXPIRYDATE, MEDDOSAGEFORM, MEDDESCRIPTION, MEDPRICE, CURRENTSTOCK, MANUFACTURER, SIDEEFFECTS) 
VALUES ('Ibuprofen 400mg', TO_DATE('2024-01-01', 'YYYY-MM-DD'), TO_DATE('2026-03-15', 'YYYY-MM-DD'), 'Tablet', 'Anti-inflammatory pain reliever', 0.80, 750, 'CCM Pharma', 'Stomach upset, dizziness');

INSERT INTO MEDICINE (MEDNAME, MEDPOSTINGDATE, MEDEXPIRYDATE, MEDDOSAGEFORM, MEDDESCRIPTION, MEDPRICE, CURRENTSTOCK, MANUFACTURER, SIDEEFFECTS) 
VALUES ('Cetirizine 10mg', TO_DATE('2024-01-01', 'YYYY-MM-DD'), TO_DATE('2025-09-20', 'YYYY-MM-DD'), 'Tablet', 'Antihistamine for allergies', 0.60, 600, 'Duopharma', 'Drowsiness, dry mouth');

INSERT INTO MEDICINE (MEDNAME, MEDPOSTINGDATE, MEDEXPIRYDATE, MEDDOSAGEFORM, MEDDESCRIPTION, MEDPRICE, CURRENTSTOCK, MANUFACTURER, SIDEEFFECTS) 
VALUES ('Omeprazole 20mg', TO_DATE('2024-01-01', 'YYYY-MM-DD'), TO_DATE('2025-12-01', 'YYYY-MM-DD'), 'Capsule', 'Proton pump inhibitor for acid reflux', 1.50, 400, 'Pharmaniaga', 'Headache, nausea');

INSERT INTO MEDICINE (MEDNAME, MEDPOSTINGDATE, MEDEXPIRYDATE, MEDDOSAGEFORM, MEDDESCRIPTION, MEDPRICE, CURRENTSTOCK, MANUFACTURER, SIDEEFFECTS) 
VALUES ('Metformin 500mg', TO_DATE('2024-01-01', 'YYYY-MM-DD'), TO_DATE('2026-06-30', 'YYYY-MM-DD'), 'Tablet', 'Diabetes medication', 0.40, 800, 'Kotra Pharma', 'Nausea, diarrhea');

INSERT INTO MEDICINE (MEDNAME, MEDPOSTINGDATE, MEDEXPIRYDATE, MEDDOSAGEFORM, MEDDESCRIPTION, MEDPRICE, CURRENTSTOCK, MANUFACTURER, SIDEEFFECTS) 
VALUES ('Amlodipine 5mg', TO_DATE('2024-01-01', 'YYYY-MM-DD'), TO_DATE('2025-08-15', 'YYYY-MM-DD'), 'Tablet', 'Blood pressure medication', 0.90, 450, 'Hovid', 'Swelling, dizziness');

INSERT INTO MEDICINE (MEDNAME, MEDPOSTINGDATE, MEDEXPIRYDATE, MEDDOSAGEFORM, MEDDESCRIPTION, MEDPRICE, CURRENTSTOCK, MANUFACTURER, SIDEEFFECTS) 
VALUES ('Salbutamol Inhaler', TO_DATE('2024-01-01', 'YYYY-MM-DD'), TO_DATE('2025-11-30', 'YYYY-MM-DD'), 'Inhaler', 'Bronchodilator for asthma', 25.00, 100, 'GSK', 'Tremor, headache');

INSERT INTO MEDICINE (MEDNAME, MEDPOSTINGDATE, MEDEXPIRYDATE, MEDDOSAGEFORM, MEDDESCRIPTION, MEDPRICE, CURRENTSTOCK, MANUFACTURER, SIDEEFFECTS) 
VALUES ('Hydrocortisone Cream 1%', TO_DATE('2024-01-01', 'YYYY-MM-DD'), TO_DATE('2026-02-28', 'YYYY-MM-DD'), 'Cream', 'Topical steroid for skin inflammation', 8.50, 200, 'CCM Pharma', 'Skin thinning with prolonged use');

INSERT INTO MEDICINE (MEDNAME, MEDPOSTINGDATE, MEDEXPIRYDATE, MEDDOSAGEFORM, MEDDESCRIPTION, MEDPRICE, CURRENTSTOCK, MANUFACTURER, SIDEEFFECTS) 
VALUES ('Artificial Tears', TO_DATE('2024-01-01', 'YYYY-MM-DD'), TO_DATE('2025-07-31', 'YYYY-MM-DD'), 'Eye Drops', 'Lubricant for dry eyes', 12.00, 150, 'Alcon', 'Temporary blurred vision');

INSERT INTO MEDICINE (MEDNAME, MEDPOSTINGDATE, MEDEXPIRYDATE, MEDDOSAGEFORM, MEDDESCRIPTION, MEDPRICE, CURRENTSTOCK, MANUFACTURER, SIDEEFFECTS) 
VALUES ('Vitamin C 1000mg', TO_DATE('2024-01-01', 'YYYY-MM-DD'), TO_DATE('2027-01-15', 'YYYY-MM-DD'), 'Tablet', 'Vitamin supplement for immune support', 0.30, 1200, 'Pharmaniaga', 'Stomach upset at high doses');

INSERT INTO MEDICINE (MEDNAME, MEDPOSTINGDATE, MEDEXPIRYDATE, MEDDOSAGEFORM, MEDDESCRIPTION, MEDPRICE, CURRENTSTOCK, MANUFACTURER, SIDEEFFECTS) 
VALUES ('Loratadine 10mg', TO_DATE('2024-01-01', 'YYYY-MM-DD'), TO_DATE('2026-04-20', 'YYYY-MM-DD'), 'Tablet', 'Non-drowsy antihistamine', 0.70, 550, 'Duopharma', 'Headache, fatigue');

INSERT INTO MEDICINE (MEDNAME, MEDPOSTINGDATE, MEDEXPIRYDATE, MEDDOSAGEFORM, MEDDESCRIPTION, MEDPRICE, CURRENTSTOCK, MANUFACTURER, SIDEEFFECTS) 
VALUES ('Aspirin 100mg', TO_DATE('2024-01-01', 'YYYY-MM-DD'), TO_DATE('2026-08-10', 'YYYY-MM-DD'), 'Tablet', 'Blood thinner and pain reliever', 0.25, 900, 'Bayer', 'Stomach bleeding, bruising');

INSERT INTO MEDICINE (MEDNAME, MEDPOSTINGDATE, MEDEXPIRYDATE, MEDDOSAGEFORM, MEDDESCRIPTION, MEDPRICE, CURRENTSTOCK, MANUFACTURER, SIDEEFFECTS) 
VALUES ('Cough Syrup', TO_DATE('2024-01-01', 'YYYY-MM-DD'), TO_DATE('2025-05-15', 'YYYY-MM-DD'), 'Syrup', 'Cough suppressant and expectorant', 6.00, 300, 'Woods', 'Drowsiness');

INSERT INTO MEDICINE (MEDNAME, MEDPOSTINGDATE, MEDEXPIRYDATE, MEDDOSAGEFORM, MEDDESCRIPTION, MEDPRICE, CURRENTSTOCK, MANUFACTURER, SIDEEFFECTS) 
VALUES ('Insulin 100IU/ml', TO_DATE('2024-01-01', 'YYYY-MM-DD'), TO_DATE('2025-04-30', 'YYYY-MM-DD'), 'Injection', 'Diabetes hormone therapy', 45.00, 80, 'Novo Nordisk', 'Hypoglycemia, injection site reactions');

-- =============================================

-- New APPOINTMENTS dummy data (all FKs valid)
INSERT INTO APPOINTMENTS (STAFFID, PATIENTIC, DOCTORID, ROOMID, APPOINTMENTDATE, APPOINTMENTTIME, REASONTOVISIT, STATUS)
VALUES (1, '900101145001', 1, 1, TRUNC(SYSDATE), '09:00', 'General checkup', 'Completed');

INSERT INTO APPOINTMENTS (STAFFID, PATIENTIC, DOCTORID, ROOMID, APPOINTMENTDATE, APPOINTMENTTIME, REASONTOVISIT, STATUS)
VALUES (2, '850215086002', 2, 2, TRUNC(SYSDATE), '10:00', 'Cardiology consult', 'Completed');

INSERT INTO APPOINTMENTS (STAFFID, PATIENTIC, DOCTORID, ROOMID, APPOINTMENTDATE, APPOINTMENTTIME, REASONTOVISIT, STATUS)
VALUES (3, '921130107003', 3, 3, TRUNC(SYSDATE), '11:00', 'Dermatology review', 'Scheduled');

INSERT INTO APPOINTMENTS (STAFFID, PATIENTIC, DOCTORID, ROOMID, APPOINTMENTDATE, APPOINTMENTTIME, REASONTOVISIT, STATUS)
VALUES (4, '880520018004', 4, 4, TRUNC(SYSDATE), '12:00', 'Pediatric vaccination', 'Scheduled');

INSERT INTO APPOINTMENTS (STAFFID, PATIENTIC, DOCTORID, ROOMID, APPOINTMENTDATE, APPOINTMENTTIME, REASONTOVISIT, STATUS)
VALUES (5, '950708149005', 5, 5, TRUNC(SYSDATE), '13:00', 'Orthopedic follow-up', 'Scheduled');

INSERT INTO APPOINTMENTS (STAFFID, PATIENTIC, DOCTORID, ROOMID, APPOINTMENTDATE, APPOINTMENTTIME, REASONTOVISIT, STATUS)
VALUES (6, '780312021006', 6, 6, TRUNC(SYSDATE), '14:00', 'Neurology consult', 'Scheduled');

INSERT INTO APPOINTMENTS (STAFFID, PATIENTIC, DOCTORID, ROOMID, APPOINTMENTDATE, APPOINTMENTTIME, REASONTOVISIT, STATUS)
VALUES (7, '000825142007', 7, 7, TRUNC(SYSDATE), '15:00', 'Gynecology check', 'Scheduled');

INSERT INTO APPOINTMENTS (STAFFID, PATIENTIC, DOCTORID, ROOMID, APPOINTMENTDATE, APPOINTMENTTIME, REASONTOVISIT, STATUS)
VALUES (8, '830610063008', 8, 8, TRUNC(SYSDATE), '16:00', 'Ophthalmology exam', 'Scheduled');

INSERT INTO APPOINTMENTS (STAFFID, PATIENTIC, DOCTORID, ROOMID, APPOINTMENTDATE, APPOINTMENTTIME, REASONTOVISIT, STATUS)
VALUES (1, '910405114009', 9, 9, TRUNC(SYSDATE), '17:00', 'ENT consult', 'Scheduled');

INSERT INTO APPOINTMENTS (STAFFID, PATIENTIC, DOCTORID, ROOMID, APPOINTMENTDATE, APPOINTMENTTIME, REASONTOVISIT, STATUS)
VALUES (2, '870922035010', 10, 10, TRUNC(SYSDATE), '18:00', 'Psychiatry session', 'Scheduled');

-- =============================================
-- 9. MEDICAL RECORDS (linked to completed appointments)
-- =============================================
-- Note: APPOINTMENTID values depend on auto-generated IDs. Adjust if needed.

INSERT INTO MEDICALRECORD (RECORDID, APPOINTMENTID, VISITDATE, SYMPTOM, DIAGNOSIS) 
VALUES (1, 1, TRUNC(SYSDATE), 'Blood pressure slightly elevated, no other symptoms', 'Stage 1 Hypertension - Monitoring required');

INSERT INTO MEDICALRECORD (RECORDID, APPOINTMENTID, VISITDATE, SYMPTOM, DIAGNOSIS) 
VALUES (2, 2, TRUNC(SYSDATE), 'Chest tightness, shortness of breath during exercise', 'Mild angina - Further cardiac tests recommended');

INSERT INTO MEDICALRECORD (RECORDID, APPOINTMENTID, VISITDATE, SYMPTOM, DIAGNOSIS) 
VALUES (3, 18, TRUNC(SYSDATE) - 7, 'Fever 38.5C, runny nose, body aches', 'Influenza - Rest and symptomatic treatment');

INSERT INTO MEDICALRECORD (RECORDID, APPOINTMENTID, VISITDATE, SYMPTOM, DIAGNOSIS) 
VALUES (4, 19, TRUNC(SYSDATE) - 14, 'Irregular heartbeat, fatigue', 'Arrhythmia - Medication prescribed');

INSERT INTO MEDICALRECORD (RECORDID, APPOINTMENTID, VISITDATE, SYMPTOM, DIAGNOSIS) 
VALUES (5, 20, TRUNC(SYSDATE) - 5, 'Abdominal pain, nausea, loss of appetite', 'Acute gastritis - PPI and dietary advice');

INSERT INTO MEDICALRECORD (RECORDID, APPOINTMENTID, VISITDATE, SYMPTOM, DIAGNOSIS) 
VALUES (6, 22, TRUNC(SYSDATE) - 10, 'Regular prenatal visit, no complaints', 'Normal pregnancy progress at 20 weeks');

-- =============================================
-- 10. PRESCRIPTIONS (linked to medical records)
-- =============================================
INSERT INTO PRESCRIPTION (PRESCRIPTIONID, RECORDID, INSTRUCTION) 
VALUES (1, 3, 'Take medications with food. Rest for 3-5 days. Drink plenty of fluids.');

INSERT INTO PRESCRIPTION (PRESCRIPTIONID, RECORDID, INSTRUCTION) 
VALUES (2, 4, 'Take medication at the same time daily. Avoid caffeine and alcohol.');

INSERT INTO PRESCRIPTION (PRESCRIPTIONID, RECORDID, INSTRUCTION) 
VALUES (3, 5, 'Take before meals. Avoid spicy and acidic foods for 2 weeks.');

INSERT INTO PRESCRIPTION (PRESCRIPTIONID, RECORDID, INSTRUCTION) 
VALUES (4, 6, 'Continue prenatal vitamins. Next checkup in 4 weeks.');

INSERT INTO PRESCRIPTION (PRESCRIPTIONID, RECORDID, INSTRUCTION) 
VALUES (5, 1, 'Monitor blood pressure daily. Reduce salt intake.');

-- =============================================
-- 11. PRESCRIPTION ITEMS (medicines in prescriptions)
-- =============================================
-- Prescription 1 (Flu treatment)
INSERT INTO PRESCRIPTIONITEM (PRESCRIPTIONID, MEDICINEID, QUANTITY, DOSAGE, DATEPRESCRIBED) 
VALUES (1, 1, 20, '2 tablets every 6 hours for fever/pain', TRUNC(SYSDATE) - 7);

INSERT INTO PRESCRIPTIONITEM (PRESCRIPTIONID, MEDICINEID, QUANTITY, DOSAGE, DATEPRESCRIBED) 
VALUES (1, 14, 1, '10ml three times daily for cough', TRUNC(SYSDATE) - 7);

INSERT INTO PRESCRIPTIONITEM (PRESCRIPTIONID, MEDICINEID, QUANTITY, DOSAGE, DATEPRESCRIBED) 
VALUES (1, 11, 10, '1 tablet daily for immune support', TRUNC(SYSDATE) - 7);

-- Prescription 2 (Arrhythmia)
INSERT INTO PRESCRIPTIONITEM (PRESCRIPTIONID, MEDICINEID, QUANTITY, DOSAGE, DATEPRESCRIBED) 
VALUES (2, 7, 30, '1 tablet every morning', TRUNC(SYSDATE) - 14);

INSERT INTO PRESCRIPTIONITEM (PRESCRIPTIONID, MEDICINEID, QUANTITY, DOSAGE, DATEPRESCRIBED) 
VALUES (2, 13, 30, '1 tablet daily for blood thinning', TRUNC(SYSDATE) - 14);

-- Prescription 3 (Gastritis)
INSERT INTO PRESCRIPTIONITEM (PRESCRIPTIONID, MEDICINEID, QUANTITY, DOSAGE, DATEPRESCRIBED) 
VALUES (3, 5, 14, '1 capsule 30 minutes before breakfast', TRUNC(SYSDATE) - 5);

INSERT INTO PRESCRIPTIONITEM (PRESCRIPTIONID, MEDICINEID, QUANTITY, DOSAGE, DATEPRESCRIBED) 
VALUES (3, 1, 10, '1 tablet if stomach pain occurs', TRUNC(SYSDATE) - 5);

-- Prescription 4 (Prenatal)
INSERT INTO PRESCRIPTIONITEM (PRESCRIPTIONID, MEDICINEID, QUANTITY, DOSAGE, DATEPRESCRIBED) 
VALUES (4, 11, 30, '1 tablet daily with food', TRUNC(SYSDATE) - 10);

-- Prescription 5 (Hypertension monitoring)
INSERT INTO PRESCRIPTIONITEM (PRESCRIPTIONID, MEDICINEID, QUANTITY, DOSAGE, DATEPRESCRIBED) 
VALUES (5, 7, 30, '1 tablet every morning for blood pressure', TRUNC(SYSDATE));

-- =============================================
-- 12. INVOICES
-- =============================================
INSERT INTO INVOICE (APPOINTMENTID, TOTALAMOUNT, PAYMENTMETHOD, DATEPAID) 
VALUES (18, 65.50, 'Cash', TRUNC(SYSDATE) - 7);

INSERT INTO INVOICE (APPOINTMENTID, TOTALAMOUNT, PAYMENTMETHOD, DATEPAID) 
VALUES (19, 127.00, 'Credit Card', TRUNC(SYSDATE) - 14);

INSERT INTO INVOICE (APPOINTMENTID, TOTALAMOUNT, PAYMENTMETHOD, DATEPAID) 
VALUES (20, 60.50, 'Debit Card', TRUNC(SYSDATE) - 5);

INSERT INTO INVOICE (APPOINTMENTID, TOTALAMOUNT, PAYMENTMETHOD, DATEPAID) 
VALUES (22, 159.00, 'Insurance', TRUNC(SYSDATE) - 10);

INSERT INTO INVOICE (APPOINTMENTID, TOTALAMOUNT, PAYMENTMETHOD, DATEPAID) 
VALUES (1, 50.00, 'Cash', TRUNC(SYSDATE));

INSERT INTO INVOICE (APPOINTMENTID, TOTALAMOUNT, PAYMENTMETHOD, DATEPAID) 
VALUES (2, 80.00, 'Credit Card', TRUNC(SYSDATE));

-- Pending invoices (not yet paid)
INSERT INTO INVOICE (APPOINTMENTID, TOTALAMOUNT, PAYMENTMETHOD, DATEPAID) 
VALUES (3, 74.50, NULL, NULL);

INSERT INTO INVOICE (APPOINTMENTID, TOTALAMOUNT, PAYMENTMETHOD, DATEPAID) 
VALUES (4, 101.00, NULL, NULL);

-- =============================================
-- COMMIT ALL CHANGES
-- =============================================
COMMIT;

-- =============================================
-- VERIFICATION QUERIES
-- =============================================
-- SELECT 'SPECIALIZATION' AS TABLE_NAME, COUNT(*) AS RECORD_COUNT FROM SPECIALIZATION
-- UNION ALL SELECT 'ROLES', COUNT(*) FROM ROLES
-- UNION ALL SELECT 'ROOMS', COUNT(*) FROM ROOMS
-- UNION ALL SELECT 'STAFF', COUNT(*) FROM STAFF
-- UNION ALL SELECT 'DOCTORS', COUNT(*) FROM DOCTORS
-- UNION ALL SELECT 'PATIENTS', COUNT(*) FROM PATIENTS
-- UNION ALL SELECT 'MEDICINE', COUNT(*) FROM MEDICINE
-- UNION ALL SELECT 'APPOINTMENTS', COUNT(*) FROM APPOINTMENTS
-- UNION ALL SELECT 'MEDICALRECORD', COUNT(*) FROM MEDICALRECORD
-- UNION ALL SELECT 'PRESCRIPTION', COUNT(*) FROM PRESCRIPTION
-- UNION ALL SELECT 'PRESCRIPTIONITEM', COUNT(*) FROM PRESCRIPTIONITEM
-- UNION ALL SELECT 'INVOICE', COUNT(*) FROM INVOICE;
